angle_factor,total_length,total_lines
0.0,286.8896651778754,180
0.2,289.6630028395484,180
0.5,293.82300933205784,180
0.7,296.5963469937308,180
1.0,300.75635348624024,180
