base_factor,total_length,total_lines
0.5,273.85365657776936,180
0.7,281.84139767948477,180
1.0,293.82300933205784,180
1.2,301.8107504337732,180
1.5,313.79236208634626,180
