safety_margin,total_length,total_lines
0.0,287.22193706117895,180
0.1,290.5224731966183,180
0.15,292.1727412643381,180
0.2,293.82300933205784,180
0.25,295.47327739977754,180
0.3,297.12354546749725,180
0.4,300.4240816029367,180
